{"cameraMode":{"drawMode":1,"name":"Wireframe","section":"Shading Mode"},"sceneLighting":true,"audioPlay":false,"sceneViewState":{"m_AlwaysRefresh":false,"showFog":true,"showSkybox":true,"showFlares":true,"showImageEffects":true,"showParticleSystems":true,"showVisualEffectGraphs":true,"m_FxEnabled":true},"in2DMode":false,"pivot":{"x":4.477809429168701,"y":-134.99444580078126,"z":-18.495250701904298},"rotation":{"x":0.7079082727432251,"y":0.019061287865042688,"z":-0.019118361175060273,"w":0.7057878971099854},"size":137.66726684570313,"orthographic":false}