{"cameraMode":{"drawMode":1,"name":"Wireframe","section":"Shading Mode"},"sceneLighting":true,"audioPlay":false,"sceneViewState":{"m_AlwaysRefresh":false,"showFog":true,"showSkybox":true,"showFlares":true,"showImageEffects":true,"showParticleSystems":true,"showVisualEffectGraphs":true,"m_FxEnabled":true},"in2DMode":false,"pivot":{"x":21.401796340942384,"y":210.82798767089845,"z":250.51947021484376},"rotation":{"x":0.5125200152397156,"y":-0.015445039607584477,"z":0.009246778674423695,"w":0.8585144877433777},"size":112.94641876220703,"orthographic":false}