{"cameraMode":{"drawMode":2,"name":"Shaded Wireframe","section":"Shading Mode"},"sceneLighting":true,"audioPlay":false,"sceneViewState":{"m_AlwaysRefresh":false,"showFog":true,"showSkybox":true,"showFlares":true,"showImageEffects":true,"showParticleSystems":true,"showVisualEffectGraphs":true,"m_FxEnabled":true},"in2DMode":false,"pivot":{"x":1159.9857177734375,"y":-160.00198364257813,"z":782.4237670898438},"rotation":{"x":-0.45573705434799197,"y":-0.024835115298628808,"z":0.012721415609121323,"w":-0.8896808624267578},"size":220.68234252929688,"orthographic":false}