{"cameraMode":{"drawMode":1,"name":"Wireframe","section":"Shading Mode"},"sceneLighting":true,"audioPlay":false,"sceneViewState":{"m_AlwaysRefresh":false,"showFog":true,"showSkybox":true,"showFlares":true,"showImageEffects":true,"showParticleSystems":true,"showVisualEffectGraphs":true,"m_FxEnabled":true},"in2DMode":false,"pivot":{"x":1093.5927734375,"y":66.5142822265625,"z":1429.0396728515625},"rotation":{"x":0.4781947135925293,"y":0.0010539103532209993,"z":-0.0005738508189097047,"w":0.8782541155815125},"size":22.244640350341798,"orthographic":false}